title,link,date
A Roadmap for Learning How To Code - Part 3,https://www.rithmschool.com/blog/roadmap-for-learning-how-to-code-03,2018-06-13
Student Interview: Paula + Miranda on Company Projects,https://www.rithmschool.com/blog/student-interview-paula-miranda,2018-06-05
Five Essential Rules when Job Searching,https://www.rithmschool.com/blog/five-essential-rules-when-job-searching,2018-05-31
Outcomes: A Preview,https://www.rithmschool.com/blog/outcomes-a-preview,2018-05-22
The Benefit of Low-Abstraction Frameworks for Scaffolding Learning,https://www.rithmschool.com/blog/low-abstraction-frameworks,2018-05-16
Are Coding Schools Worth the Cost?,https://www.rithmschool.com/blog/are-coding-schools-worth-the-cost,2018-04-25
A Roadmap for Learning How To Code - Part 2,https://www.rithmschool.com/blog/roadmap-for-learning-how-to-code-02,2018-04-10
Meet The Instructor: Joel Burton,https://www.rithmschool.com/blog/meet-the-instructor-joel-burton,2018-03-27
Alumni Spotlight: Anna-Brit Schlaepfer,https://www.rithmschool.com/blog/alumni-spotlight-anna-brit,2018-03-19
The Art of Outreach,https://www.rithmschool.com/blog/the-art-of-outreach,2018-02-28
